-- ============================================================
-- 三益穿线系统 (syty) 数据库初始化脚本 - PostgreSQL 版
-- ============================================================

-- ==================== 租户 ====================
CREATE TABLE IF NOT EXISTS tenant (
    id              BIGINT GENERATED BY DEFAULT AS IDENTITY PRIMARY KEY,
    name            VARCHAR(200) NOT NULL,
    code            VARCHAR(50)  NOT NULL UNIQUE,
    contact_person  VARCHAR(50)  DEFAULT '',
    phone           VARCHAR(20)  DEFAULT '',
    status          SMALLINT     NOT NULL DEFAULT 1,
    expired_at      TIMESTAMP    DEFAULT NULL,
    remark          VARCHAR(500) DEFAULT '',
    deleted         SMALLINT     NOT NULL DEFAULT 0,
    created_at      TIMESTAMP    NOT NULL DEFAULT CURRENT_TIMESTAMP,
    updated_at      TIMESTAMP    NOT NULL DEFAULT CURRENT_TIMESTAMP
);
COMMENT ON TABLE tenant IS '租户';
COMMENT ON COLUMN tenant.name IS '租户名称';
COMMENT ON COLUMN tenant.code IS '租户编码(唯一)';
COMMENT ON COLUMN tenant.status IS '状态: 1-启用 0-禁用';
CREATE INDEX idx_tenant_code ON tenant(code);

-- ==================== 用户 ====================
CREATE TABLE IF NOT EXISTS sys_user (
    id          BIGINT GENERATED BY DEFAULT AS IDENTITY PRIMARY KEY,
    tenant_id   BIGINT       DEFAULT NULL,
    username    VARCHAR(50)  NOT NULL,
    password    VARCHAR(255) NOT NULL,
    real_name   VARCHAR(50)  DEFAULT '',
    phone       VARCHAR(20)  DEFAULT '',
    role        VARCHAR(30)  NOT NULL DEFAULT 'STAFF',
    status      SMALLINT     NOT NULL DEFAULT 1,
    deleted     SMALLINT     NOT NULL DEFAULT 0,
    created_at  TIMESTAMP    NOT NULL DEFAULT CURRENT_TIMESTAMP,
    updated_at  TIMESTAMP    NOT NULL DEFAULT CURRENT_TIMESTAMP,
    CONSTRAINT uk_tenant_username UNIQUE (tenant_id, username)
);
COMMENT ON TABLE sys_user IS '系统用户';
COMMENT ON COLUMN sys_user.tenant_id IS '所属租户ID(SUPER_ADMIN为NULL)';
COMMENT ON COLUMN sys_user.role IS '角色: SUPER_ADMIN-超管 TENANT_ADMIN-租户管理员 STAFF-店员';
COMMENT ON COLUMN sys_user.status IS '状态: 1-启用 0-禁用';
CREATE INDEX idx_sys_user_tenant ON sys_user(tenant_id);

-- 用户-店铺关联
CREATE TABLE IF NOT EXISTS sys_user_shop (
    id          BIGINT GENERATED BY DEFAULT AS IDENTITY PRIMARY KEY,
    user_id     BIGINT       NOT NULL,
    shop_id     BIGINT       NOT NULL,
    created_at  TIMESTAMP    NOT NULL DEFAULT CURRENT_TIMESTAMP,
    CONSTRAINT uk_user_shop UNIQUE (user_id, shop_id)
);
COMMENT ON TABLE sys_user_shop IS '用户店铺关联';
CREATE INDEX idx_user_shop_user ON sys_user_shop(user_id);
CREATE INDEX idx_user_shop_shop ON sys_user_shop(shop_id);

-- 操作日志
CREATE TABLE IF NOT EXISTS operate_log (
    id          BIGINT GENERATED BY DEFAULT AS IDENTITY PRIMARY KEY,
    tenant_id   BIGINT       DEFAULT NULL,
    user_id     BIGINT       NOT NULL,
    username    VARCHAR(50)  DEFAULT '',
    module      VARCHAR(50)  NOT NULL,
    operation   VARCHAR(50)  NOT NULL,
    target_type VARCHAR(50)  DEFAULT '',
    target_id   BIGINT       DEFAULT NULL,
    detail      VARCHAR(500) DEFAULT '',
    ip          VARCHAR(50)  DEFAULT '',
    created_at  TIMESTAMP    NOT NULL DEFAULT CURRENT_TIMESTAMP
);
COMMENT ON TABLE operate_log IS '操作日志';
CREATE INDEX idx_operate_log_tenant ON operate_log(tenant_id);
CREATE INDEX idx_operate_log_module ON operate_log(module);
CREATE INDEX idx_operate_log_user ON operate_log(user_id);
CREATE INDEX idx_operate_log_time ON operate_log(created_at);

-- 打印模板
CREATE TABLE IF NOT EXISTS print_template (
    id           BIGINT GENERATED BY DEFAULT AS IDENTITY PRIMARY KEY,
    tenant_id    BIGINT       NOT NULL,
    name         VARCHAR(100) NOT NULL,
    paper_width  INT          NOT NULL DEFAULT 80,
    paper_height INT          NOT NULL DEFAULT 50,
    font_size    INT          NOT NULL DEFAULT 10,
    show_logo    SMALLINT     NOT NULL DEFAULT 0,
    show_qrcode  SMALLINT     NOT NULL DEFAULT 0,
    fields_json  TEXT         NOT NULL,
    is_default   SMALLINT     NOT NULL DEFAULT 0,
    deleted      SMALLINT     NOT NULL DEFAULT 0,
    created_at   TIMESTAMP    NOT NULL DEFAULT CURRENT_TIMESTAMP,
    updated_at   TIMESTAMP    NOT NULL DEFAULT CURRENT_TIMESTAMP
);
COMMENT ON TABLE print_template IS '打印模板(租户私有)';
CREATE INDEX idx_print_template_tenant ON print_template(tenant_id);

-- ==================== RBAC 菜单+权限系统（数据库驱动） ====================

-- 1. 菜单表（树形结构，前端从 API 拉取渲染）
CREATE TABLE IF NOT EXISTS sys_menu (
    id              BIGINT GENERATED BY DEFAULT AS IDENTITY PRIMARY KEY,
    parent_id       BIGINT       NOT NULL DEFAULT 0,
    name            VARCHAR(100) NOT NULL,
    path            VARCHAR(200) DEFAULT '',
    component       VARCHAR(200) DEFAULT '',
    icon            VARCHAR(50)  DEFAULT '',
    permission_code VARCHAR(100) DEFAULT '',   -- 关联 sys_permission.code
    sort_order      INT          NOT NULL DEFAULT 0,
    type            SMALLINT     NOT NULL DEFAULT 1,   -- 0=目录 1=菜单
    hidden          SMALLINT     NOT NULL DEFAULT 0,
    tenant_id       BIGINT       DEFAULT NULL,          -- NULL=全局菜单
    created_at      TIMESTAMP    NOT NULL DEFAULT CURRENT_TIMESTAMP,
    updated_at      TIMESTAMP    NOT NULL DEFAULT CURRENT_TIMESTAMP
);
COMMENT ON TABLE sys_menu IS '系统菜单(树形)';
COMMENT ON COLUMN sys_menu.parent_id IS '父菜单ID, 0=根目录';
COMMENT ON COLUMN sys_menu.type IS '0=目录(展开) 1=菜单(路由)';
COMMENT ON COLUMN sys_menu.hidden IS '1=隐藏(不在侧边栏显示)';
COMMENT ON COLUMN sys_menu.tenant_id IS 'NULL=全局菜单, 非NULL=租户定制菜单';
CREATE INDEX idx_sys_menu_parent ON sys_menu(parent_id);

-- 2. 权限项表
CREATE TABLE IF NOT EXISTS sys_permission (
    id          BIGINT GENERATED BY DEFAULT AS IDENTITY PRIMARY KEY,
    code        VARCHAR(100) NOT NULL UNIQUE,
    name        VARCHAR(100) NOT NULL,
    menu_id     BIGINT       DEFAULT NULL,      -- 关联 sys_menu.id
    type        VARCHAR(20)  NOT NULL DEFAULT 'api',  -- menu/button/api
    parent_code VARCHAR(100) DEFAULT '',          -- 树形权限(用于按钮归属菜单)
    sort_order  INT          NOT NULL DEFAULT 0,
    deleted     SMALLINT     NOT NULL DEFAULT 0,
    created_at  TIMESTAMP    NOT NULL DEFAULT CURRENT_TIMESTAMP,
    updated_at  TIMESTAMP    NOT NULL DEFAULT CURRENT_TIMESTAMP
);
COMMENT ON TABLE sys_permission IS '权限项';
COMMENT ON COLUMN sys_permission.code IS '权限编码(如 badge:player:create)';
COMMENT ON COLUMN sys_permission.type IS '类型: menu=菜单 button=按钮 api=接口';
COMMENT ON COLUMN sys_permission.menu_id IS '所属菜单ID';
CREATE INDEX idx_sys_perm_menu ON sys_permission(menu_id);

-- 3. 角色-菜单关联（哪些角色能看到哪些菜单）
CREATE TABLE IF NOT EXISTS sys_role_menu (
    id          BIGINT GENERATED BY DEFAULT AS IDENTITY PRIMARY KEY,
    role_code   VARCHAR(50)  NOT NULL,
    menu_id     BIGINT       NOT NULL,
    created_at  TIMESTAMP    NOT NULL DEFAULT CURRENT_TIMESTAMP,
    CONSTRAINT uk_role_menu UNIQUE (role_code, menu_id)
);
COMMENT ON TABLE sys_role_menu IS '角色菜单关联';
CREATE INDEX idx_role_menu_role ON sys_role_menu(role_code);

-- 4. 角色-权限关联（保持不变）
CREATE TABLE IF NOT EXISTS sys_role_permission (
    id              BIGINT GENERATED BY DEFAULT AS IDENTITY PRIMARY KEY,
    role_code       VARCHAR(50)  NOT NULL,
    permission_code VARCHAR(100) NOT NULL,
    created_at      TIMESTAMP    NOT NULL DEFAULT CURRENT_TIMESTAMP,
    CONSTRAINT uk_role_perm UNIQUE (role_code, permission_code)
);
COMMENT ON TABLE sys_role_permission IS '角色权限关联';
CREATE INDEX idx_role_perm_role ON sys_role_permission(role_code);

-- ==================== 平台公共基础信息（羽毛球） ====================
CREATE TABLE IF NOT EXISTS player (
    id              BIGINT GENERATED BY DEFAULT AS IDENTITY PRIMARY KEY,
    name            VARCHAR(100) NOT NULL,
    phone           VARCHAR(20)  DEFAULT '',
    gender          SMALLINT     DEFAULT 0,
    photo_url       VARCHAR(255) DEFAULT '',
    skill_level     VARCHAR(50)  DEFAULT '',
    progress_notes  TEXT,
    remark          VARCHAR(500) DEFAULT '',
    deleted         SMALLINT     NOT NULL DEFAULT 0,
    created_at      TIMESTAMP    NOT NULL DEFAULT CURRENT_TIMESTAMP,
    updated_at      TIMESTAMP    NOT NULL DEFAULT CURRENT_TIMESTAMP
);
COMMENT ON TABLE player IS '羽毛球球员(平台公共)';
CREATE INDEX idx_player_name ON player(name);

CREATE TABLE IF NOT EXISTS racket (
    id          BIGINT GENERATED BY DEFAULT AS IDENTITY PRIMARY KEY,
    brand       VARCHAR(100) NOT NULL,
    model       VARCHAR(100) NOT NULL,
    spec        VARCHAR(200) DEFAULT '',
    remark      VARCHAR(500) DEFAULT '',
    deleted     SMALLINT     NOT NULL DEFAULT 0,
    created_at  TIMESTAMP    NOT NULL DEFAULT CURRENT_TIMESTAMP,
    updated_at  TIMESTAMP    NOT NULL DEFAULT CURRENT_TIMESTAMP
);
COMMENT ON TABLE racket IS '羽毛球球拍(平台公共)';

CREATE TABLE IF NOT EXISTS string_info (
    id          BIGINT GENERATED BY DEFAULT AS IDENTITY PRIMARY KEY,
    brand       VARCHAR(100) NOT NULL,
    model       VARCHAR(100) NOT NULL,
    diameter    DECIMAL(4,2) DEFAULT 0,
    color       VARCHAR(50)  DEFAULT '',
    remark      VARCHAR(500) DEFAULT '',
    deleted     SMALLINT     NOT NULL DEFAULT 0,
    created_at  TIMESTAMP    NOT NULL DEFAULT CURRENT_TIMESTAMP,
    updated_at  TIMESTAMP    NOT NULL DEFAULT CURRENT_TIMESTAMP
);
COMMENT ON TABLE string_info IS '羽毛球球线(平台公共)';

-- ==================== 租户私有（羽毛球） ====================
CREATE TABLE IF NOT EXISTS shop (
    id          BIGINT GENERATED BY DEFAULT AS IDENTITY PRIMARY KEY,
    tenant_id   BIGINT       NOT NULL,
    name        VARCHAR(100) NOT NULL,
    address     VARCHAR(300) DEFAULT '',
    phone       VARCHAR(20)  DEFAULT '',
    remark      VARCHAR(500) DEFAULT '',
    deleted     SMALLINT     NOT NULL DEFAULT 0,
    created_at  TIMESTAMP    NOT NULL DEFAULT CURRENT_TIMESTAMP,
    updated_at  TIMESTAMP    NOT NULL DEFAULT CURRENT_TIMESTAMP
);
COMMENT ON TABLE shop IS '店铺(租户私有)';
CREATE INDEX idx_shop_tenant ON shop(tenant_id);

CREATE TABLE IF NOT EXISTS shop_string (
    id              BIGINT GENERATED BY DEFAULT AS IDENTITY PRIMARY KEY,
    tenant_id       BIGINT         NOT NULL,
    shop_id         BIGINT         NOT NULL,
    string_id       BIGINT         NOT NULL,
    price           DECIMAL(10,2)  NOT NULL DEFAULT 0,
    stock           INT            NOT NULL DEFAULT 0,
    min_stock_alert INT            NOT NULL DEFAULT 10,
    deleted         SMALLINT       NOT NULL DEFAULT 0,
    created_at      TIMESTAMP      NOT NULL DEFAULT CURRENT_TIMESTAMP,
    updated_at      TIMESTAMP      NOT NULL DEFAULT CURRENT_TIMESTAMP
);
COMMENT ON TABLE shop_string IS '店铺球线(租户私有)';
CREATE INDEX idx_shop_string_shop ON shop_string(shop_id);
CREATE INDEX idx_shop_string_tenant ON shop_string(tenant_id);

CREATE TABLE IF NOT EXISTS stringing_order (
    id              BIGINT GENERATED BY DEFAULT AS IDENTITY PRIMARY KEY,
    tenant_id       BIGINT         NOT NULL,
    order_no        VARCHAR(50)    NOT NULL,
    shop_id         BIGINT         NOT NULL,
    player_id       BIGINT         NOT NULL,
    racket_id       BIGINT         NOT NULL,
    main_string_id  BIGINT         DEFAULT NULL,
    cross_string_id BIGINT         DEFAULT NULL,
    player_phone    VARCHAR(20)    DEFAULT '',
    main_tension    DECIMAL(5,1)   DEFAULT 0,
    cross_tension   DECIMAL(5,1)   DEFAULT 0,
    main_price      DECIMAL(10,2)  DEFAULT 0,
    cross_price     DECIMAL(10,2)  DEFAULT 0,
    labor_price     DECIMAL(10,2)  DEFAULT 0,
    total_price     DECIMAL(10,2)  DEFAULT 0,
    order_photo_url VARCHAR(255)   DEFAULT '',
    status          SMALLINT       NOT NULL DEFAULT 0,
    remark          VARCHAR(500)   DEFAULT '',
    source          VARCHAR(50)    DEFAULT 'manual',
    printed         SMALLINT       NOT NULL DEFAULT 0,
    print_count     INT            NOT NULL DEFAULT 0,
    deleted         SMALLINT       NOT NULL DEFAULT 0,
    created_at      TIMESTAMP      NOT NULL DEFAULT CURRENT_TIMESTAMP,
    updated_at      TIMESTAMP      NOT NULL DEFAULT CURRENT_TIMESTAMP,
    CONSTRAINT uk_tenant_order_no UNIQUE (tenant_id, order_no)
);
COMMENT ON TABLE stringing_order IS '羽毛球穿线订单(租户私有)';
COMMENT ON COLUMN stringing_order.status IS '状态: 0-待穿 1-已穿 2-已取';
CREATE INDEX idx_order_tenant ON stringing_order(tenant_id);
CREATE INDEX idx_order_shop ON stringing_order(shop_id);

-- 羽毛球大赛订单
CREATE TABLE IF NOT EXISTS badminton_tournament_order (
    id              BIGINT GENERATED BY DEFAULT AS IDENTITY PRIMARY KEY,
    tenant_id       BIGINT       NOT NULL,
    order_no        VARCHAR(50)  NOT NULL,
    shop_id         BIGINT       NOT NULL,
    player_id       BIGINT       NOT NULL,
    racket_brand    VARCHAR(100) DEFAULT '',
    racket_model    VARCHAR(100) DEFAULT '',
    string_type     VARCHAR(100) DEFAULT '',
    main_tension    DECIMAL(5,1) DEFAULT 0,
    cross_tension   DECIMAL(5,1) DEFAULT 0,
    order_photo_url VARCHAR(255) DEFAULT '',
    remark          VARCHAR(500) DEFAULT '',
    status          SMALLINT     NOT NULL DEFAULT 0,
    printed         SMALLINT     NOT NULL DEFAULT 0,
    deleted         SMALLINT     NOT NULL DEFAULT 0,
    created_at      TIMESTAMP    NOT NULL DEFAULT CURRENT_TIMESTAMP,
    updated_at      TIMESTAMP    NOT NULL DEFAULT CURRENT_TIMESTAMP
);
COMMENT ON TABLE badminton_tournament_order IS '羽毛球大赛穿线订单(租户私有)';
CREATE INDEX idx_btournament_tenant ON badminton_tournament_order(tenant_id);
CREATE INDEX idx_btournament_shop ON badminton_tournament_order(shop_id);
CREATE INDEX idx_btournament_player ON badminton_tournament_order(player_id);

-- ==================== 平台公共基础信息（网球） ====================
CREATE TABLE IF NOT EXISTS tennis_player (
    id              BIGINT GENERATED BY DEFAULT AS IDENTITY PRIMARY KEY,
    name            VARCHAR(100) NOT NULL,
    phone           VARCHAR(20)  DEFAULT '',
    gender          SMALLINT     DEFAULT 0,
    ranking         VARCHAR(50)  DEFAULT '',
    skill_level     VARCHAR(50)  DEFAULT '',
    photo_url       VARCHAR(255) DEFAULT '',
    progress_notes  TEXT,
    remark          VARCHAR(500) DEFAULT '',
    deleted         SMALLINT     NOT NULL DEFAULT 0,
    created_at      TIMESTAMP    NOT NULL DEFAULT CURRENT_TIMESTAMP,
    updated_at      TIMESTAMP    NOT NULL DEFAULT CURRENT_TIMESTAMP
);
COMMENT ON TABLE tennis_player IS '网球球员(平台公共)';

CREATE TABLE IF NOT EXISTS tennis_racket (
    id              BIGINT GENERATED BY DEFAULT AS IDENTITY PRIMARY KEY,
    brand           VARCHAR(100) NOT NULL,
    model           VARCHAR(100) NOT NULL,
    weight          VARCHAR(50)  DEFAULT '',
    head_size       VARCHAR(50)  DEFAULT '',
    string_pattern  VARCHAR(50)  DEFAULT '',
    remark          VARCHAR(500) DEFAULT '',
    deleted         SMALLINT     NOT NULL DEFAULT 0,
    created_at      TIMESTAMP    NOT NULL DEFAULT CURRENT_TIMESTAMP,
    updated_at      TIMESTAMP    NOT NULL DEFAULT CURRENT_TIMESTAMP
);
COMMENT ON TABLE tennis_racket IS '网球球拍(平台公共)';

CREATE TABLE IF NOT EXISTS tennis_string_info (
    id          BIGINT GENERATED BY DEFAULT AS IDENTITY PRIMARY KEY,
    brand       VARCHAR(100) NOT NULL,
    model       VARCHAR(100) NOT NULL,
    gauge       VARCHAR(20)  DEFAULT '',
    color       VARCHAR(50)  DEFAULT '',
    remark      VARCHAR(500) DEFAULT '',
    deleted     SMALLINT     NOT NULL DEFAULT 0,
    created_at  TIMESTAMP    NOT NULL DEFAULT CURRENT_TIMESTAMP,
    updated_at  TIMESTAMP    NOT NULL DEFAULT CURRENT_TIMESTAMP
);
COMMENT ON TABLE tennis_string_info IS '网球球线(平台公共)';

-- ==================== 租户私有（网球） ====================
CREATE TABLE IF NOT EXISTS tennis_shop_string (
    id              BIGINT GENERATED BY DEFAULT AS IDENTITY PRIMARY KEY,
    tenant_id       BIGINT         NOT NULL,
    shop_id         BIGINT         NOT NULL,
    string_id       BIGINT         NOT NULL,
    price           DECIMAL(10,2)  NOT NULL DEFAULT 0,
    stock           INT            NOT NULL DEFAULT 0,
    min_stock_alert INT            NOT NULL DEFAULT 10,
    deleted         SMALLINT       NOT NULL DEFAULT 0,
    created_at      TIMESTAMP      NOT NULL DEFAULT CURRENT_TIMESTAMP,
    updated_at      TIMESTAMP      NOT NULL DEFAULT CURRENT_TIMESTAMP
);
COMMENT ON TABLE tennis_shop_string IS '网球店铺球线(租户私有)';
CREATE INDEX idx_tennis_shopstr_shop ON tennis_shop_string(shop_id);
CREATE INDEX idx_tennis_shopstr_tenant ON tennis_shop_string(tenant_id);

CREATE TABLE IF NOT EXISTS tennis_order (
    id              BIGINT GENERATED BY DEFAULT AS IDENTITY PRIMARY KEY,
    tenant_id       BIGINT         NOT NULL,
    order_no        VARCHAR(50)    NOT NULL,
    shop_id         BIGINT         NOT NULL,
    player_id       BIGINT         NOT NULL,
    racket_id       BIGINT         NOT NULL,
    main_string_id  BIGINT         DEFAULT NULL,
    cross_string_id BIGINT         DEFAULT NULL,
    player_phone    VARCHAR(20)    DEFAULT '',
    main_tension    DECIMAL(5,1)   DEFAULT 0,
    cross_tension   DECIMAL(5,1)   DEFAULT 0,
    main_price      DECIMAL(10,2)  DEFAULT 0,
    cross_price     DECIMAL(10,2)  DEFAULT 0,
    labor_price     DECIMAL(10,2)  DEFAULT 0,
    total_price     DECIMAL(10,2)  DEFAULT 0,
    order_photo_url VARCHAR(255)   DEFAULT '',
    status          SMALLINT       NOT NULL DEFAULT 0,
    remark          VARCHAR(500)   DEFAULT '',
    source          VARCHAR(50)    DEFAULT 'manual',
    printed         SMALLINT       NOT NULL DEFAULT 0,
    print_count     INT            NOT NULL DEFAULT 0,
    deleted         SMALLINT       NOT NULL DEFAULT 0,
    created_at      TIMESTAMP      NOT NULL DEFAULT CURRENT_TIMESTAMP,
    updated_at      TIMESTAMP      NOT NULL DEFAULT CURRENT_TIMESTAMP,
    CONSTRAINT uk_tennis_order_no UNIQUE (tenant_id, order_no)
);
COMMENT ON TABLE tennis_order IS '网球穿线订单(租户私有)';
CREATE INDEX idx_tennis_order_tenant ON tennis_order(tenant_id);
CREATE INDEX idx_tennis_order_shop ON tennis_order(shop_id);

CREATE TABLE IF NOT EXISTS tennis_tournament_order (
    id              BIGINT GENERATED BY DEFAULT AS IDENTITY PRIMARY KEY,
    tenant_id       BIGINT       NOT NULL,
    order_no        VARCHAR(50)  NOT NULL,
    shop_id         BIGINT       NOT NULL,
    player_id       BIGINT       NOT NULL,
    racket_brand    VARCHAR(100) DEFAULT '',
    racket_model    VARCHAR(100) DEFAULT '',
    tension         DECIMAL(5,1) DEFAULT 0,
    string_type     VARCHAR(100) DEFAULT '',
    order_photo_url VARCHAR(255) DEFAULT '',
    remark          VARCHAR(500) DEFAULT '',
    status          SMALLINT     NOT NULL DEFAULT 0,
    printed         SMALLINT     NOT NULL DEFAULT 0,
    deleted         SMALLINT     NOT NULL DEFAULT 0,
    created_at      TIMESTAMP    NOT NULL DEFAULT CURRENT_TIMESTAMP,
    updated_at      TIMESTAMP    NOT NULL DEFAULT CURRENT_TIMESTAMP
);
COMMENT ON TABLE tennis_tournament_order IS '网球大赛穿线订单(租户私有)';
CREATE INDEX idx_ttournament_tenant ON tennis_tournament_order(tenant_id);
CREATE INDEX idx_ttournament_shop ON tennis_tournament_order(shop_id);
CREATE INDEX idx_ttournament_player ON tennis_tournament_order(player_id);

-- ==================== 权限种子数据 ====================
INSERT INTO sys_permission (code, name, type, parent_code, sort_order) VALUES
('tenant:page',   '租户查询',   'api', '', 10),
('tenant:create', '租户新增',   'api', '', 11),
('tenant:edit',   '租户编辑',   'api', '', 12),
('tenant:delete', '租户删除',   'api', '', 13),
('user:page',     '用户查询',   'api', '', 20),
('user:create',   '用户新增',   'api', '', 21),
('user:edit',     '用户编辑',   'api', '', 22),
('user:delete',   '用户删除',   'api', '', 23),
('player:page',   '球员查询',   'api', '', 30),
('player:create', '球员新增',   'api', '', 31),
('player:edit',   '球员编辑',   'api', '', 32),
('player:delete', '球员删除',   'api', '', 33),
('racket:page',   '球拍查询',   'api', '', 40),
('racket:create', '球拍新增',   'api', '', 41),
('racket:edit',   '球拍编辑',   'api', '', 42),
('racket:delete', '球拍删除',   'api', '', 43),
('string:page',   '球线查询',   'api', '', 50),
('string:create', '球线新增',   'api', '', 51),
('string:edit',   '球线编辑',   'api', '', 52),
('string:delete', '球线删除',   'api', '', 53),
('shop:page',     '店铺查询',   'api', '', 60),
('shop:create',   '店铺新增',   'api', '', 61),
('shop:edit',     '店铺编辑',   'api', '', 62),
('shop:delete',   '店铺删除',   'api', '', 63),
('shop:bindUser', '店铺绑定用户','api', '', 64),
('shop-string:page',   '店铺球线查询','api', '', 70),
('shop-string:create', '店铺球线新增','api', '', 71),
('shop-string:edit',   '店铺球线编辑','api', '', 72),
('shop-string:delete', '店铺球线删除','api', '', 73),
('order:page',     '订单查询',   'api', '', 80),
('order:scan',     '扫码创建订单','api', '', 81),
('order:create',   '常规创建订单','api', '', 82),
('order:edit',     '订单编辑',   'api', '', 83),
('order:delete',   '订单删除',   'api', '', 84),
('order:complete', '订单完成',   'api', '', 85),
('order:print',    '打印订单',   'api', '', 86),
('order:export',   '导出Excel',  'api', '', 87),
('tournament:page',   '大赛记录查询','api', '', 90),
('tournament:create', '大赛登记',    'api', '', 91),
('tournament:edit',   '大赛编辑',    'api', '', 92),
('tournament:delete', '大赛删除',    'api', '', 93),
('tennis-player:page',   '网球球员查询','api', '', 100),
('tennis-player:create', '网球球员新增','api', '', 101),
('tennis-player:edit',   '网球球员编辑','api', '', 102),
('tennis-player:delete', '网球球员删除','api', '', 103),
('tennis-racket:page',   '网球球拍查询','api', '', 110),
('tennis-racket:create', '网球球拍新增','api', '', 111),
('tennis-racket:edit',   '网球球拍编辑','api', '', 112),
('tennis-racket:delete', '网球球拍删除','api', '', 113),
('tennis-string:page',   '网球球线查询','api', '', 120),
('tennis-string:create', '网球球线新增','api', '', 121),
('tennis-string:edit',   '网球球线编辑','api', '', 122),
('tennis-string:delete', '网球球线删除','api', '', 123),
('tennis-shop-string:page',   '网球店铺球线查询','api', '', 130),
('tennis-shop-string:create', '网球店铺球线新增','api', '', 131),
('tennis-shop-string:edit',   '网球店铺球线编辑','api', '', 132),
('tennis-shop-string:delete', '网球店铺球线删除','api', '', 133),
('tennis-order:page',     '网球订单查询','api', '', 140),
('tennis-order:scan',     '网球扫码下单','api', '', 141),
('tennis-order:create',   '网球常规下单','api', '', 142),
('tennis-order:edit',     '网球订单编辑','api', '', 143),
('tennis-order:delete',   '网球订单删除','api', '', 144),
('tennis-order:complete', '网球订单完成','api', '', 145),
('tennis-order:print',    '网球打印',    'api', '', 146),
('tennis-order:export',   '网球导出',    'api', '', 147),
('tennis-tournament:page',   '网球大赛记录','api', '', 150),
('tennis-tournament:create', '网球大赛登记','api', '', 151),
('tennis-tournament:edit',   '网球大赛编辑','api', '', 152),
('tennis-tournament:delete', '网球大赛删除','api', '', 153),
('dashboard:view',       '工作台查看',  'api', '', 200),
('operate-log:view',     '操作日志查看','api', '', 210),
('print-template:manage','打印模板管理','api', '', 220),
('file:upload',   '文件上传',   'api', '', 230),
('file:download', '文件下载',   'api', '', 231);

-- SUPER_ADMIN: 全部权限
INSERT INTO sys_role_permission (role_code, permission_code)
SELECT 'SUPER_ADMIN', code FROM sys_permission;

-- TENANT_ADMIN: 除租户管理以外的全部
INSERT INTO sys_role_permission (role_code, permission_code)
SELECT 'TENANT_ADMIN', code FROM sys_permission
WHERE code NOT LIKE 'tenant:%';

-- STAFF: 仅查询 + 创建订单/大赛登记 + 打印 + 文件上传
INSERT INTO sys_role_permission (role_code, permission_code) VALUES
('STAFF', 'player:page'), ('STAFF', 'racket:page'), ('STAFF', 'string:page'),
('STAFF', 'shop:page'), ('STAFF', 'shop-string:page'),
('STAFF', 'order:page'), ('STAFF', 'order:scan'), ('STAFF', 'order:create'),
('STAFF', 'order:complete'), ('STAFF', 'order:print'), ('STAFF', 'order:export'),
('STAFF', 'tournament:page'), ('STAFF', 'tournament:create'),
('STAFF', 'tennis-player:page'), ('STAFF', 'tennis-racket:page'), ('STAFF', 'tennis-string:page'),
('STAFF', 'tennis-shop-string:page'),
('STAFF', 'tennis-order:page'), ('STAFF', 'tennis-order:scan'), ('STAFF', 'tennis-order:create'),
('STAFF', 'tennis-order:complete'), ('STAFF', 'tennis-order:print'), ('STAFF', 'tennis-order:export'),
('STAFF', 'tennis-tournament:page'), ('STAFF', 'tennis-tournament:create'),
('STAFF', 'dashboard:view'),
('STAFF', 'file:upload'), ('STAFF', 'file:download');

-- ==================== 初始数据 ====================

-- 平台超级管理员 (密码 admin123, BCrypt)
INSERT INTO sys_user (username, password, real_name, role) VALUES
('admin', '$2a$10$HIJF0jfeJlZPZAOpGwQl.uu4URECQAM8SxM2A5vdPcrEVsQXSg/YW', '超级管理员', 'SUPER_ADMIN');

-- ==================== 网球示例数据 ====================
INSERT INTO tennis_player (name, phone, gender, skill_level, progress_notes) VALUES
('张之臻', '13800001001', 1, 'UTR 12+', '2024杭州亚运男单金牌，ATP排名Top50'),
('郑钦文', '13800001002', 2, 'WTA Top20', '2024巴黎奥运女单金牌，2024澳网亚军');

INSERT INTO tennis_racket (brand, model, weight, head_size, string_pattern) VALUES
('Wilson', 'Pro Staff RF97', '340g', '97 sq in', '16x19'),
('Babolat', 'Pure Aero', '300g', '100 sq in', '16x19'),
('Head', 'Gravity Pro', '315g', '100 sq in', '18x20');

INSERT INTO tennis_string_info (brand, model, gauge, color) VALUES
('Luxilon', 'ALU Power 125', '1.25mm', 'Silver'),
('Babolat', 'RPM Blast', '1.30mm', 'Black'),
('Wilson', 'Natural Gut 16', '1.30mm', 'Natural');

-- ==================== 羽毛球示例数据 ====================
INSERT INTO player (name, phone, gender, skill_level, progress_notes) VALUES
('林一羽', '13900001003', 1, '业余5级', '2024市业余赛男单八强'),
('李雨霏', '13900001004', 2, '业余4级', '2024高校赛女双冠军');

INSERT INTO racket (brand, model, spec) VALUES
('Yonex', 'Astrox 100ZZ', '4UG5'),
('Yonex', 'Arcsaber 11 Pro', '4UG5'),
('Victor', 'Thruster F', '4UG5');

INSERT INTO string_info (brand, model, diameter, color) VALUES
('Yonex', 'BG-80', 0.68, 'White'),
('Yonex', 'BG-65', 0.70, 'Yellow'),
('Li-Ning', 'No.1', 0.65, 'Red');
