-- ============================================================
-- 菜单+权限系统迁移：数据库驱动 RBAC
-- 运行: psql -h localhost -U syty -d syty -f migrate_menu.sql
-- ============================================================

BEGIN;

-- ===== 1. 清理旧数据 =====
DELETE FROM sys_role_permission;
DELETE FROM sys_permission;

-- ===== 2. 新建菜单表 =====
DROP TABLE IF EXISTS sys_role_menu CASCADE;
DROP TABLE IF EXISTS sys_menu CASCADE;

CREATE TABLE sys_menu (
    id              BIGINT GENERATED BY DEFAULT AS IDENTITY PRIMARY KEY,
    parent_id       BIGINT       NOT NULL DEFAULT 0,
    name            VARCHAR(100) NOT NULL,
    path            VARCHAR(200) DEFAULT '',
    component       VARCHAR(200) DEFAULT '',
    icon            VARCHAR(50)  DEFAULT '',
    permission_code VARCHAR(100) DEFAULT '',
    sort_order      INT          NOT NULL DEFAULT 0,
    type            SMALLINT     NOT NULL DEFAULT 1,
    hidden          SMALLINT     NOT NULL DEFAULT 0,
    tenant_id       BIGINT       DEFAULT NULL,
    created_at      TIMESTAMP    NOT NULL DEFAULT CURRENT_TIMESTAMP,
    updated_at      TIMESTAMP    NOT NULL DEFAULT CURRENT_TIMESTAMP
);
COMMENT ON TABLE sys_menu IS '系统菜单(树形)';
COMMENT ON COLUMN sys_menu.parent_id IS '父菜单ID, 0=根目录';
COMMENT ON COLUMN sys_menu.type IS '0=目录(展开) 1=菜单(路由)';
CREATE INDEX idx_sys_menu_parent ON sys_menu(parent_id);

CREATE TABLE sys_role_menu (
    id          BIGINT GENERATED BY DEFAULT AS IDENTITY PRIMARY KEY,
    role_code   VARCHAR(50)  NOT NULL,
    menu_id     BIGINT       NOT NULL,
    created_at  TIMESTAMP    NOT NULL DEFAULT CURRENT_TIMESTAMP,
    CONSTRAINT uk_role_menu UNIQUE (role_code, menu_id)
);
COMMENT ON TABLE sys_role_menu IS '角色菜单关联';
CREATE INDEX idx_role_menu_role ON sys_role_menu(role_code);

-- ===== 3. 给 sys_permission 加 menu_id 列 =====
ALTER TABLE sys_permission ADD COLUMN IF NOT EXISTS menu_id BIGINT DEFAULT NULL;
CREATE INDEX IF NOT EXISTS idx_sys_perm_menu ON sys_permission(menu_id);

-- ===== 4. 菜单种子数据 =====
-- level 1: 根目录
INSERT INTO sys_menu (id, parent_id, name, icon, sort_order, type) VALUES
(1,  0, '工作台',     'DashboardOutlined',    1,  0),
(2,  0, '系统管理',   'SettingOutlined',      10, 0),
(3,  0, '🏸 羽毛球',  'AppstoreOutlined',     20, 0),
(4,  0, '🎾 网球',    'TrophyOutlined',       30, 0);

-- 工作台菜单项
INSERT INTO sys_menu (id, parent_id, name, path, component, icon, permission_code, sort_order, type) VALUES
(101, 1, '工作台首页', '/dashboard', 'Dashboard', 'DashboardOutlined', 'dashboard:view', 1, 1);

-- 系统管理 children
INSERT INTO sys_menu (id, parent_id, name, path, component, icon, permission_code, sort_order, type) VALUES
(201, 2, '用户管理',   '/user',           'User',           'TeamOutlined',          'user:page',              1, 1),
(202, 2, '租户管理',   '/tenant',         'Tenant',         'SafetyOutlined',        'tenant:page',            2, 1),
(203, 2, '操作日志',   '/operation-log',  'OperationLog',   'AuditOutlined',         'operate-log:view',       3, 1),
(204, 2, '打印模板',   '/print-template', 'PrintTemplate',  'PrinterOutlined',       'print-template:manage',  4, 1),
(205, 2, '菜单管理',   '/system/menu',    'MenuManage',     'MenuOutlined',          'system:menu:manage',     5, 1),
(206, 2, '权限管理',   '/system/perm',    'PermManage',     'LockOutlined',          'system:perm:manage',     6, 1);

-- 🏸 羽毛球 目录层
INSERT INTO sys_menu (id, parent_id, name, icon, sort_order, type) VALUES
(301, 3, '基础数据', 'AppstoreOutlined',     1, 0),
(302, 3, '店铺',     'ShoppingOutlined',     2, 0),
(303, 3, '订单大赛', 'UnorderedListOutlined', 3, 0);

-- 🏸 基础数据
INSERT INTO sys_menu (id, parent_id, name, path, component, permission_code, sort_order, type) VALUES
(311, 301, '球员管理', '/player',      'Player',         'player:page',      1, 1),
(312, 301, '球拍管理', '/racket',      'Racket',         'racket:page',      2, 1),
(313, 301, '球线管理', '/string-info', 'StringInfo',     'string:page',      3, 1);

-- 🏸 店铺
INSERT INTO sys_menu (id, parent_id, name, path, component, permission_code, sort_order, type) VALUES
(321, 302, '店铺管理', '/shop',        'Shop',           'shop:page',        1, 1),
(322, 302, '店铺球线', '/shop-string', 'ShopString',     'shop-string:page', 2, 1);

-- 🏸 订单大赛
INSERT INTO sys_menu (id, parent_id, name, path, component, permission_code, sort_order, type) VALUES
(331, 303, '穿线订单', '/order',                    'Order',                    'order:page',         1, 1),
(332, 303, '大赛登记', '/tournament',               'BadmintonTournament',      'tournament:create',  2, 1),
(333, 303, '大赛记录', '/badminton-tournament-list','BadmintonTournamentList',  'tournament:page',    3, 1);

-- 🎾 网球 目录层
INSERT INTO sys_menu (id, parent_id, name, icon, sort_order, type) VALUES
(401, 4, '基础数据', 'AppstoreOutlined',     1, 0),
(402, 4, '店铺',     'ShoppingOutlined',     2, 0),
(403, 4, '订单大赛', 'UnorderedListOutlined', 3, 0);

-- 🎾 基础数据
INSERT INTO sys_menu (id, parent_id, name, path, component, permission_code, sort_order, type) VALUES
(411, 401, '网球球员', '/tennis/player', 'TennisPlayer',     'tennis-player:page',      1, 1),
(412, 401, '网球球拍', '/tennis/racket', 'TennisRacket',     'tennis-racket:page',      2, 1),
(413, 401, '网球球线', '/tennis/string', 'TennisString',     'tennis-string:page',      3, 1);

-- 🎾 店铺
INSERT INTO sys_menu (id, parent_id, name, path, component, permission_code, sort_order, type) VALUES
(421, 402, '网球店铺球线', '/tennis/shop-string', 'TennisShopString', 'tennis-shop-string:page', 1, 1);

-- 🎾 订单大赛
INSERT INTO sys_menu (id, parent_id, name, path, component, permission_code, sort_order, type) VALUES
(431, 403, '网球订单',      '/tennis/order',           'TennisOrder',          'tennis-order:page',          1, 1),
(432, 403, '网球大赛登记',  '/tennis/tournament',      'TennisTournament',     'tennis-tournament:create',   2, 1),
(433, 403, '网球大赛记录',  '/tennis/tournament/list', 'TennisTournamentList', 'tennis-tournament:page',     3, 1);

-- ===== 5. 权限种子数据 =====
INSERT INTO sys_permission (code, name, menu_id, type, sort_order) VALUES
-- 工作台
('dashboard:view',         '工作台查看',   101, 'menu',   1),
-- 系统管理
('user:page',              '用户查询',     201, 'menu',   10),
('user:create',            '用户新增',     201, 'button', 11),
('user:edit',              '用户编辑',     201, 'button', 12),
('user:delete',            '用户删除',     201, 'button', 13),
('tenant:page',            '租户查询',     202, 'menu',   20),
('tenant:create',          '租户新增',     202, 'button', 21),
('tenant:edit',            '租户编辑',     202, 'button', 22),
('tenant:delete',          '租户删除',     202, 'button', 23),
('operate-log:view',       '操作日志查看', 203, 'menu',   30),
('print-template:manage',  '打印模板管理', 204, 'menu',   40),
('system:menu:manage',     '菜单管理',     205, 'menu',   50),
('system:perm:manage',     '权限管理',     206, 'menu',   60),
-- 🏸 基础数据
('player:page',            '球员查询',     311, 'menu',   110),
('player:create',          '球员新增',     311, 'button', 111),
('player:edit',            '球员编辑',     311, 'button', 112),
('player:delete',          '球员删除',     311, 'button', 113),
('racket:page',            '球拍查询',     312, 'menu',   120),
('racket:create',          '球拍新增',     312, 'button', 121),
('racket:edit',            '球拍编辑',     312, 'button', 122),
('racket:delete',          '球拍删除',     312, 'button', 123),
('string:page',            '球线查询',     313, 'menu',   130),
('string:create',          '球线新增',     313, 'button', 131),
('string:edit',            '球线编辑',     313, 'button', 132),
('string:delete',          '球线删除',     313, 'button', 133),
-- 🏸 店铺
('shop:page',              '店铺查询',     321, 'menu',   140),
('shop:create',            '店铺新增',     321, 'button', 141),
('shop:edit',              '店铺编辑',     321, 'button', 142),
('shop:delete',            '店铺删除',     321, 'button', 143),
('shop:bindUser',          '店铺绑定用户', 321, 'button', 144),
('shop-string:page',       '店铺球线查询', 322, 'menu',   150),
('shop-string:create',     '店铺球线新增', 322, 'button', 151),
('shop-string:edit',       '店铺球线编辑', 322, 'button', 152),
('shop-string:delete',     '店铺球线删除', 322, 'button', 153),
-- 🏸 订单大赛
('order:page',             '订单查询',     331, 'menu',   160),
('order:scan',             '扫码下单',     331, 'button', 161),
('order:create',           '常规下单',     331, 'button', 162),
('order:edit',             '订单编辑',     331, 'button', 163),
('order:delete',           '订单删除',     331, 'button', 164),
('order:complete',         '订单完成',     331, 'button', 165),
('order:print',            '打印订单',     331, 'button', 166),
('order:export',           '导出Excel',    331, 'button', 167),
('tournament:page',        '大赛记录',     333, 'menu',   170),
('tournament:create',      '大赛登记',     332, 'menu',   171),
('tournament:edit',        '大赛编辑',     332, 'button', 172),
('tournament:delete',      '大赛删除',     332, 'button', 173),
-- 🎾 基础数据
('tennis-player:page',     '网球球员查询', 411, 'menu',   210),
('tennis-player:create',   '网球球员新增', 411, 'button', 211),
('tennis-player:edit',     '网球球员编辑', 411, 'button', 212),
('tennis-player:delete',   '网球球员删除', 411, 'button', 213),
('tennis-racket:page',     '网球球拍查询', 412, 'menu',   220),
('tennis-racket:create',   '网球球拍新增', 412, 'button', 221),
('tennis-racket:edit',     '网球球拍编辑', 412, 'button', 222),
('tennis-racket:delete',   '网球球拍删除', 412, 'button', 223),
('tennis-string:page',     '网球球线查询', 413, 'menu',   230),
('tennis-string:create',   '网球球线新增', 413, 'button', 231),
('tennis-string:edit',     '网球球线编辑', 413, 'button', 232),
('tennis-string:delete',   '网球球线删除', 413, 'button', 233),
-- 🎾 店铺
('tennis-shop-string:page',   '网球店铺球线查询', 421, 'menu',   240),
('tennis-shop-string:create', '网球店铺球线新增', 421, 'button', 241),
('tennis-shop-string:edit',   '网球店铺球线编辑', 421, 'button', 242),
('tennis-shop-string:delete', '网球店铺球线删除', 421, 'button', 243),
-- 🎾 订单大赛
('tennis-order:page',      '网球订单查询', 431, 'menu',   250),
('tennis-order:scan',      '网球扫码下单', 431, 'button', 251),
('tennis-order:create',    '网球常规下单', 431, 'button', 252),
('tennis-order:edit',      '网球订单编辑', 431, 'button', 253),
('tennis-order:delete',    '网球订单删除', 431, 'button', 254),
('tennis-order:complete',  '网球订单完成', 431, 'button', 255),
('tennis-order:print',     '网球打印',     431, 'button', 256),
('tennis-order:export',    '网球导出',     431, 'button', 257),
('tennis-tournament:page',   '网球大赛记录', 433, 'menu',   260),
('tennis-tournament:create', '网球大赛登记', 432, 'menu',   261),
('tennis-tournament:edit',   '网球大赛编辑', 432, 'button', 262),
('tennis-tournament:delete', '网球大赛删除', 432, 'button', 263),
-- 通用
('file:upload',   '文件上传',  NULL, 'api', 300),
('file:download', '文件下载',  NULL, 'api', 301);

-- ===== 6. 角色-菜单关联 =====
-- SUPER_ADMIN: 全部
INSERT INTO sys_role_menu (role_code, menu_id)
SELECT 'SUPER_ADMIN', id FROM sys_menu;

-- TENANT_ADMIN: 除去租户管理(202)
INSERT INTO sys_role_menu (role_code, menu_id)
SELECT 'TENANT_ADMIN', id FROM sys_menu WHERE id != 202;

-- STAFF
INSERT INTO sys_role_menu (role_code, menu_id) VALUES
('STAFF', 1),   ('STAFF', 101),
('STAFF', 3),   ('STAFF', 301),  ('STAFF', 311), ('STAFF', 312), ('STAFF', 313),
('STAFF', 302), ('STAFF', 321), ('STAFF', 322),
('STAFF', 303), ('STAFF', 331), ('STAFF', 332), ('STAFF', 333),
('STAFF', 4),   ('STAFF', 401),  ('STAFF', 411), ('STAFF', 412), ('STAFF', 413),
('STAFF', 402), ('STAFF', 421),
('STAFF', 403), ('STAFF', 431), ('STAFF', 432), ('STAFF', 433);

-- ===== 7. 角色-权限关联 =====
-- SUPER_ADMIN
INSERT INTO sys_role_permission (role_code, permission_code)
SELECT 'SUPER_ADMIN', code FROM sys_permission;

-- TENANT_ADMIN: 除去租户
INSERT INTO sys_role_permission (role_code, permission_code)
SELECT 'TENANT_ADMIN', code FROM sys_permission WHERE code NOT LIKE 'tenant:%';

-- STAFF
INSERT INTO sys_role_permission (role_code, permission_code) VALUES
('STAFF', 'dashboard:view'),
('STAFF', 'player:page'),     ('STAFF', 'racket:page'),     ('STAFF', 'string:page'),
('STAFF', 'shop:page'),       ('STAFF', 'shop-string:page'),
('STAFF', 'order:page'),      ('STAFF', 'order:scan'),      ('STAFF', 'order:create'),
('STAFF', 'order:complete'),  ('STAFF', 'order:print'),     ('STAFF', 'order:export'),
('STAFF', 'tournament:page'), ('STAFF', 'tournament:create'),
('STAFF', 'tennis-player:page'),   ('STAFF', 'tennis-racket:page'),   ('STAFF', 'tennis-string:page'),
('STAFF', 'tennis-shop-string:page'),
('STAFF', 'tennis-order:page'),    ('STAFF', 'tennis-order:scan'),    ('STAFF', 'tennis-order:create'),
('STAFF', 'tennis-order:complete'),('STAFF', 'tennis-order:print'),   ('STAFF', 'tennis-order:export'),
('STAFF', 'tennis-tournament:page'), ('STAFF', 'tennis-tournament:create'),
('STAFF', 'file:upload'), ('STAFF', 'file:download');

COMMIT;
